{"cameraMode":{"drawMode":0,"name":"Shaded","section":"Shading Mode"},"sceneLighting":false,"audioPlay":false,"sceneViewState":{"showFog":true,"showMaterialUpdate":false,"showSkybox":true,"showFlares":true,"showImageEffects":true,"showParticleSystems":true},"in2DMode":false,"pivot":{"x":-0.009930269792675972,"y":0.02123657613992691,"z":0.022359028458595277},"rotation":{"x":-0.23138469457626344,"y":0.5968213081359863,"z":-0.1852060854434967,"w":-0.7456300258636475},"size":1.1857883930206299,"orthographic":false}