{"cameraMode":{"drawMode":0,"name":"Shaded","section":"Shading Mode"},"sceneLighting":false,"audioPlay":false,"sceneViewState":{"showFog":true,"showMaterialUpdate":false,"showSkybox":true,"showFlares":true,"showImageEffects":true,"showParticleSystems":true},"in2DMode":false,"pivot":{"x":-0.6629999876022339,"y":1.0499999523162842,"z":-2.865999937057495},"rotation":{"x":-0.1602802872657776,"y":-0.6228705048561096,"z":0.1323670893907547,"w":-0.7542026042938232},"size":0.36895138025283816,"orthographic":false}