{"cameraMode":{"drawMode":0,"name":"Shaded","section":"Shading Mode"},"sceneLighting":true,"audioPlay":false,"sceneViewState":{"showFog":true,"showMaterialUpdate":false,"showSkybox":true,"showFlares":true,"showImageEffects":true,"showParticleSystems":true},"in2DMode":false,"pivot":{"x":-34.161460876464847,"y":0.31156712770462038,"z":16.070728302001954},"rotation":{"x":-0.24544164538383485,"y":-0.33591726422309878,"z":0.09112580865621567,"w":-0.9047729969024658},"size":5.375697612762451,"orthographic":false}